tipo;id_raiz;id_propio;fecha;usuario;karma;id_anonimo;contenido;likes;comments;media_path;fuente;idioma_ia;relevancia_ia
POST;1sh0aq6;1sh0aq6;2026-04-09 21:51;demimonde9;1280161;4BDDE2F9B5D10FF0;"Rosalia's beautiful performance of ""La Perla"" from her Lux Tour";3048;83;;r/Fauxmoi;inglés;SI
COMENTARIO;1sh0aq6;of99zmu;2026-04-09 22:30;FaithlessnessFun9136;3099;5821B4677DE49657;The staging of this is incredible;820;2;;r/Fauxmoi;inglés;SI
COMENTARIO;1sh0aq6;of9iqkg;2026-04-09 23:11;jxiris;32652;137D1A2D58DDC504;Just unreal artistry. Also, I really need to take advantage of the gym near my neighborhood… ;400;0;;r/Fauxmoi;inglés;SI
COMENTARIO;1sh0aq6;of9kz97;2026-04-09 23:21;yomamaeatsyellowsnow;56169;FC0B3055A0E18144;"It's giving Eva Green

https://preview.redd.it/nmkk2wj2f8ug1.jpeg?width=554&format=pjpg&auto=webp&s=bbf414130b7a9f044184393beafa92ad0f814d55";409;3;media/reddit/red_comm_of9kz97.jpg;r/Fauxmoi;inglés;SI
COMENTARIO;1sh0aq6;of9gqvv;2026-04-09 23:01;JesusSaysRelaxNvaxx;90586;B7663C761BCD0267;Absolute art piece ;173;0;;r/Fauxmoi;inglés;SI
COMENTARIO;1sh0aq6;of9ei86;2026-04-09 22:51;dan3lli;23154;6BF7BCE2A6254509;Whaaaat the fuck this is amazing;168;0;;r/Fauxmoi;inglés;SI
COMENTARIO;1sh0aq6;of9rsdj;2026-04-09 23:55;KDoggg89;178538;EF95C899B5692141;She is so insanely innovative and creative, her tours always have something I’ve never seen before. I can see how Björk is her favourite artist ever. ;181;1;;r/Fauxmoi;inglés;SI
COMENTARIO;1sh0aq6;of9v8qw;2026-04-10 00:14;Effective_Math_2717;69886;5DD6AFA4D562AC05;Her team deserves a raise. The choreographer, the sound and lighting ALL OF THEM. Wow. ;121;0;;r/Fauxmoi;inglés;SI
COMENTARIO;1sh0aq6;of98quo;2026-04-09 22:24;4evaDisappointed;21477;040FBA0D11EF029E;![gif](giphy|hiLLD9o1wTB3a);225;0;;r/Fauxmoi;inglés;SI
COMENTARIO;1sh0aq6;of9emvc;2026-04-09 22:51;tech_and_org;3328;C891EA8F7D727F31;![gif](giphy|SbtWGvMSmJIaV8faS8|downsized);93;0;;r/Fauxmoi;inglés;SI
COMENTARIO;1sh0aq6;of9k6sn;2026-04-09 23:18;SkylarAV;496059;E67234CDC9C809E4;Wow, that might the best stage performance I've seen;71;0;;r/Fauxmoi;inglés;SI
COMENTARIO;1sh0aq6;of9lirc;2026-04-09 23:24;ShortLingo;3173;F94B7AB38E4D490D;"Man! You know what! AI could never! 

This is so so beautiful! 💗";69;0;;r/Fauxmoi;inglés;SI
COMENTARIO;1sh0aq6;of975q6;2026-04-09 22:17;thatplaidhat;106598;19D151F370ABE591;Literally mi reina 👑;71;0;;r/Fauxmoi;inglés;SI
COMENTARIO;1sh0aq6;of9wmkh;2026-04-10 00:21;arrobaolmedo;22124;A67CA7216250207B;When I first heard of her I didn't expect she'd be so damn artsy. Love it.;40;0;;r/Fauxmoi;inglés;SI
COMENTARIO;1sh0aq6;of9eamu;2026-04-09 22:50;thetinybunny1;404652;FCF0EB9D7F9896E6;Wow this is stunning;39;0;;r/Fauxmoi;inglés;SI
COMENTARIO;1sh0aq6;of9psio;2026-04-09 23:45;10HungryGhosts;41320;C571971299F81237;That was incredibly captivating wow;28;0;;r/Fauxmoi;inglés;SI
COMENTARIO;1sh0aq6;of9lqsm;2026-04-09 23:25;SugarShock94;196448;F2C746C5DF435E76;A stunning performance ;18;0;;r/Fauxmoi;inglés;SI
COMENTARIO;1sh0aq6;ofasyfx;2026-04-10 03:21;NoSherbet5701;1492;4D3626FF8A2B5988;"This is so cool! I’ll admit I wasn’t sure how this album would translate to a stadium tour. The music  so beautiful and complicated, nuanced and bold (she sings in 17 languages and features a live studio orchestra!)

I know now never to doubt her. If only I could afford a ticket ";18;0;;r/Fauxmoi;inglés;SI
COMENTARIO;1sh0aq6;ofafhc9;2026-04-10 02:04;broketothebone;136406;4ACFA2BC4034AE26;"FINALLY, SOME FUCKING ART FOR GODS SAKE. 

That was so Dada-coded, I’m obsessed. (Sorry, art degree-fueled rant incoming) 

This is what Lily Allen thought she was doing with her “sushi receipts for a side piece” “performance art.” It falls flat because we’re living in a relentlessly brutal timeline. I know this song is about her abusive ex too, but it feels like night and day. Between the words and the performance that pulls so strongly from art made during like, peak-Nazis-running-wild time, it just hits on a much deeper level. It’s a comfort and a joy, even when it’s an expression of pain. It feels like it could be about anything that’s harming and oppressing you and these days (when you can’t even put gas in your car without pondering when WWIII is gunna drop), it could represent so many things too. 

I want art that moves me. Not a revenge album from a terrible person telling me about some other jerk’s butt plugs. Sure, it sounds catchy, but that lost its appeal when I heard the guy had a nervous breakdown from it all. That does not feel like the kinda energy I want to be listening to or perpetuating. 

There are terrified, lice-covered, hungry children alone in cages all over my country right now and my govt put them there and my neighbors think it’s great. I want that Arlo Guthrie, “this machine kills fascists”-on-your-guitar energy. I want Zach de la Roche screaming my feelings back to me over some crunchy ass riffs. I wanna see stuff like this Rosalia performance to soothe me while expressing a very relatable trauma. I want art that makes me feel ready for the fight ahead. 

That’s what really good art does. And this was some reeeeeeally good fucking art.

(Side note: I’m not trying to focus on Lily on purpose here, it’s just what came to mind based on the parallels. If I went with Taylor Swift, we’d be here all night lol)";59;3;;r/Fauxmoi;inglés;SI
COMENTARIO;1sh0aq6;ofbjjhl;2026-04-10 06:05;ReallyBrainDead;164338;763ED190046E31D1;If nothing else, check out her performance of [Berghain on the Brits.](https://youtu.be/7fyufPkXLbs?si=4IvoYu_ljUFLffP-). Very different style, very operatic.  This is what made me check out Lux.;18;0;;r/Fauxmoi;inglés;SI
COMENTARIO;1sh0aq6;ofaewx9;2026-04-10 02:01;BakedBrie1993;52168;9BE8F82C36D8EF22;I love it, but I can't believe people enjoy hearing randos sing the song almost as loud as the artist.;23;1;;r/Fauxmoi;inglés;SI
COMENTARIO;1sh0aq6;of9jqt1;2026-04-09 23:15;SolPlayaArena;233243;37B36AA8D9C4FDB5;This song is soooooo relatable it’s not even funny.;6;0;;r/Fauxmoi;inglés;SI
COMENTARIO;1sh0aq6;ofaqora;2026-04-10 03:08;amandahuggen_kiss;11696;2F4CF30E844256F5;So dreamy;8;0;;r/Fauxmoi;inglés;SI
COMENTARIO;1sh0aq6;ofat9dn;2026-04-10 03:23;carolinagypsy;100115;81EE0C679198B932;"That is sooooo cool and fucking gorgeous!

I don’t keep up with her much, and I’m always caught off-guard by how beautiful she is when I do see a picture or video of her.  

This is also such a beautiful song. ";5;0;;r/Fauxmoi;inglés;SI
COMENTARIO;1sh0aq6;of9pmt8;2026-04-09 23:45;Financial_Class_5038;50903;49EDEE8A181243D2;love her;2;0;;r/Fauxmoi;inglés;SI
COMENTARIO;1sh0aq6;of9s0cc;2026-04-09 23:57;Illustrious_Rate6416;2648;4D242428A55C0103;Magnificent;1;0;;r/Fauxmoi;inglés;SI
COMENTARIO;1sh0aq6;ofa2c7g;2026-04-10 00:52;triscuit_buscuit;17081;3000AFFD7729E939;Mesmerizing! This was so beautiful.;2;0;;r/Fauxmoi;inglés;SI
COMENTARIO;1sh0aq6;ofaklid;2026-04-10 02:34;PothosLeaves;14364;1D7A0B086885B204;that was so captivating, wow;5;0;;r/Fauxmoi;inglés;SI
COMENTARIO;1sh0aq6;ofazezm;2026-04-10 03:58;FerventLustFiend;42216;70EEB2430F966B16;Her body in itself is a work of art!!! 👏👏;1;0;;r/Fauxmoi;inglés;SI
COMENTARIO;1sh0aq6;ofbibzv;2026-04-10 05:57;MaterialBudget4498;742;66AE27C9AD148AB1;Didn't know this artist existed until today. I'm downright enchanted. Thank you;3;0;;r/Fauxmoi;inglés;SI
COMENTARIO;1sh0aq6;ofc1xlj;2026-04-10 08:29;Hot-Significance-462;117842;B7B8ACD1192843F6;I know *what* they're doing, but at the same time, *how* the fuck are they doing this?;3;0;;r/Fauxmoi;inglés;SI
COMENTARIO;1sh0aq6;of9xd6s;2026-04-10 00:25;Maester_Bates;255901;74D2A6DB737B344F;She is art. ;1;0;;r/Fauxmoi;inglés;SI
COMENTARIO;1sh0aq6;of9y1v4;2026-04-10 00:28;transphotobabe;24276;0567A659754C1E32;Incredible;2;0;;r/Fauxmoi;inglés;SI
COMENTARIO;1sh0aq6;ofaf3zo;2026-04-10 02:02;reflektordone;6230;A2C21FC675CDA818;This is amazing! I don’t listen to her really but I admire her so much. ;1;0;;r/Fauxmoi;inglés;SI
COMENTARIO;1sh0aq6;ofak42s;2026-04-10 02:31;oldrottenhands;10699;313F4B23730CEFEC;Wow! She is so in shape! 😳 I need to go back to the gym ;1;0;;r/Fauxmoi;inglés;SI
COMENTARIO;1sh0aq6;ofalpco;2026-04-10 02:40;ConnectWalrus5066;4340;A16D13BD8B395CCB;Just lovely! ;3;0;;r/Fauxmoi;inglés;SI
COMENTARIO;1sh0aq6;ofass62;2026-04-10 03:20;targaryeh;29835;C85EB660307A6A2E;the crowd singing with her 🥹 i love “la perla” so much ;3;0;;r/Fauxmoi;inglés;SI
COMENTARIO;1sh0aq6;ofaupj6;2026-04-10 03:32;Rapidiris1901;16295;A7BCEDC0EBD92C26;Ok that was so mesmerizing, absolutely incredible! ;1;0;;r/Fauxmoi;inglés;SI
COMENTARIO;1sh0aq6;ofbta5u;2026-04-10 07:18;Margaritashoes;30406;D3EF6D73E95A6B81;She ripped her arms off;1;0;;r/Fauxmoi;inglés;SI
COMENTARIO;1sh0aq6;ofcityy;2026-04-10 11:01;darlingdaaaarling;49089;94EEAD30F6E4A7CE;This is so unique and beautiful, and my lizard brain can only think, “I gotta hit the gym.”;2;0;;r/Fauxmoi;inglés;SI
COMENTARIO;1sh0aq6;ofdmja8;2026-04-10 15:28;1okrock;20485;9907317930254535;This is mesmerising.;1;0;;r/Fauxmoi;inglés;SI
COMENTARIO;1sh0aq6;ofsbr9p;2026-04-12 19:22;Key-Good-4506;1454;FA9A1DF807A6DFE5;Stunning;1;0;;r/Fauxmoi;inglés;SI
COMENTARIO;1sh0aq6;og8bwl6;2026-04-15 01:41;cultural-orca;11701;EC41131FCF3D4F2D;You really ain’t coming to Atlanta 😭;1;0;;r/Fauxmoi;inglés;SI
COMENTARIO;1sh0aq6;ofbx3bk;2026-04-10 07:49;Banana_bread_o;30338;4469988EE4FF2D0F;I speak Spanish and thought this was Italian. I couldn’t understand it for some reason but the song is beautiful. ;1;0;;r/Fauxmoi;inglés;SI
COMENTARIO;1sh0aq6;ofafb35;2026-04-10 02:03;Mysterious_Story_470;10352;2B7CCE4B51D51943;Thank you for posting this! I’d only seen small snippets on YouTube, so awesome.;1;0;;r/Fauxmoi;inglés;SI
COMENTARIO;1sh0aq6;ofbch45;2026-04-10 05:18;olivethelightss;4418;75F617412C82B13B; I love art ;1;0;;r/Fauxmoi;inglés;SI
COMENTARIO;1sh0aq6;ofbhrxt;2026-04-10 05:53;EmmitRDoad;9522;F1461DAB29C5D0B7;Wow;1;0;;r/Fauxmoi;inglés;SI
COMENTARIO;1sh0aq6;ofbtlmo;2026-04-10 07:20;ConditionDefiant8653;34989;27078576E407874E;I am goingggggg;1;0;;r/Fauxmoi;inglés;SI
COMENTARIO;1sh0aq6;ofbx54y;2026-04-10 07:49;TheTranqueen;16316;36D42B29E0045D7E;That was a PERFORMANCE! The grace and fluidity of those stage actors and Rosalias gentle interactions while still singing beautifully kept me entranced the whole time.;1;0;;r/Fauxmoi;inglés;SI
COMENTARIO;1sh0aq6;ofc0m4f;2026-04-10 08:18;Topofdahour;1836;6566492A4C0F89D0;"This 
Is
Art";1;0;;r/Fauxmoi;inglés;SI
COMENTARIO;1sh0aq6;ofcpe58;2026-04-10 11:59;Necessary-Strength78;282;F10FD4CDBB6F2A9C;La mejor parte es la previa a la canción. Espero que mantenga el confesionario toda la gira. ;1;0;;r/Fauxmoi;inglés;SI
COMENTARIO;1sh0aq6;ofd0qlx;2026-04-10 13:24;BoticelliBaby;31123;7CC8D50E68B578E1;I can’t wait to see her in a few days!!!!!!!;1;0;;r/Fauxmoi;inglés;SI
COMENTARIO;1sh0aq6;ofdd352;2026-04-10 14:39;pandzza;24804;281B0D93A1CAD374;Te amo MUUUCHO 😭;1;0;;r/Fauxmoi;inglés;SI
COMENTARIO;1sh0aq6;ofdnqjx;2026-04-10 15:34;SmokedBeef;179693;D22D5AE2E71E0F86;"“What did you do last spring?”

“I was a disembodied floating arm in Rosalia’s stage performance. NBD”

";1;0;;r/Fauxmoi;inglés;SI
COMENTARIO;1sh0aq6;ofcg6pw;2026-04-10 10:37;Any_Smile_7037;3342;C22C62BA34A620B3;Still not a fan that everyone gives this spaniard a pass for cosplaying a latina to sell records smh;0;2;;r/Fauxmoi;inglés;SI
COMENTARIO;1sh0aq6;ofa31bv;2026-04-10 00:56;monkfruit42;5648;BD48ADD09E9996B4;Crossing Delancy. IYKYK;0;0;;r/Fauxmoi;inglés;SI
POST;1st5q5t;1st5q5t;2026-04-23 04:19;demimonde9;1280161;4BDDE2F9B5D10FF0;Rosalia hugging her girlfriend at her Amsterdam show today;998;27;;r/Fauxmoi;inglés;SI
COMENTARIO;1st5q5t;ohrcssk;2026-04-23 06:04;unicornrush;116293;A2B91AF7FA8B31D7;I hope she receives some recognition from the Grammys this year. LUX is such a wonderful album and she’s an incredible performer. She seems very happy which is always great to see!!! ;406;2;;r/Fauxmoi;inglés;SI
COMENTARIO;1st5q5t;ohs4j10;2026-04-23 09:50;Antique-Syllabub6238;54350;486895DC415BBAFE;"I didnt know she’s practicing lesbianism, thats always a delight to learn 🫡😮‍💨
";390;2;;r/Fauxmoi;inglés;SI
COMENTARIO;1st5q5t;ohslubt;2026-04-23 12:26;eldritchangel;97176;8590C4C6BEF9D92F;What a gorgeous couple! I didn’t know Rosalia was queer and the world feels a little bit brighter now ;106;1;;r/Fauxmoi;inglés;SI
COMENTARIO;1st5q5t;ohsz4l5;2026-04-23 13:58;hindcealf;68006;DFBC4BBCB4CD8332;https://preview.redd.it/1jgv5i29jxwg1.jpeg?width=736&format=pjpg&auto=webp&s=266550bfbcff03a6c81c6098b9cefa5ffb7fff95;62;0;media/reddit/red_comm_ohsz4l5.jpg;r/Fauxmoi;inglés;SI
COMENTARIO;1st5q5t;ohvl9xp;2026-04-23 21:22;Specific_Sweet3312;28757;8A724A735A9222D2;I wanna get hugged by my pop superstar girlfriend in public too;14;0;;r/Fauxmoi;inglés;SI
COMENTARIO;1st5q5t;ohrs5be;2026-04-23 08:00;imsosleepyyyyyy;38932;AD9B2F6A91DBD819;This is so much better than Jeremy Allen-White;153;0;;r/Fauxmoi;inglés;SI
COMENTARIO;1st5q5t;ohvey6z;2026-04-23 20:53;Nervous_Insect5976;81363;2BD09C7595C1FDEA;I just discovered her and she's so good! ;9;0;;r/Fauxmoi;inglés;SI
COMENTARIO;1st5q5t;ohz8s0b;2026-04-24 10:51;Exotic_Plant9450;5755;3417CD10680600D8;"![gif](giphy|ToMjGpKniGqRNLGBrhu)

";3;0;;r/Fauxmoi;inglés;SI
COMENTARIO;1st5q5t;ohqvv9j;2026-04-23 04:19;[deleted];0;1185F37D33B0F89E;[removed];1;1;;r/Fauxmoi;inglés;SI
COMENTARIO;1st5q5t;ohz8vji;2026-04-24 10:52;Exotic_Plant9450;5755;3417CD10680600D8;"![gif](giphy|ToMjGpKniGqRNLGBrhu)

";1;0;;r/Fauxmoi;inglés;SI
COMENTARIO;1st5q5t;ohw6kj9;2026-04-23 23:01;Downtown-Solution123;5573;084CE3E5F7A4301B;She still terrible, a millionaire artist investing in housing while affordability is a crisis. F her;-3;0;;r/Fauxmoi;inglés;SI
COMENTARIO;1st5q5t;ohqzmxk;2026-04-23 04:41;MisterGoog;0;C8BC342C3FB894CA;That skirt thing looks so funny;-64;0;;r/Fauxmoi;inglés;SI
COMENTARIO;1st5q5t;ohqz2xl;2026-04-23 04:38;thebetterbad;97047;88452D55CCBA2BDD;I that Hunter? I can’t really see.;-75;2;;r/Fauxmoi;inglés;SI
